Id,Name,Description,ReleaseYear,AgeCertification,Runtime,ProductionCountry,Seasons
1,Ipsam id consequuntur.,Voluptatem aut quae placeat vero est nulla quo odit recusandae.,1966,A,119,FJ,1
2,Voluptatem iusto officiis.,Officiis distinctio voluptas saepe magni deserunt eos deserunt aut aspernatur.,1950,15,122,MW,1
3,Et quis at.,Sint corrupti dolorem dolor non quia mollitia id voluptas voluptate.,1982,AL,116,NE,5
4,Unde sunt quibusdam.,Laborum qui iusto soluta vero delectus veniam in voluptatum fugiat.,2017,S,117,MM,3
5,Sed quisquam rem.,Cum voluptate et ducimus sed voluptatem nemo nostrum commodi nam.,1984,R,135,CN,1
6,Dolor aliquam cupiditate.,Praesentium repellendus ut ullam sapiente et quo aut doloribus rem.,1975,TV-MA,142,TL,10
7,Est possimus officiis.,Voluptatibus odio at consequatur maxime aut sint ut blanditiis ut.,1968,U,75,CW,3
8,Nulla molestias sunt.,Doloribus autem odit inventore similique dolores quo sapiente esse et.,1972,AL,206,MC,10
9,Blanditiis est distinctio.,Molestias iure debitis beatae enim repellat ipsam aliquam eos omnis.,1965,TV-PG,77,SB,5
10,Velit ad accusamus.,Cupiditate ut corrupti tempora in tempore et in et rerum.,1977,E,229,KE,4
11,Et nisi voluptas.,Quos est laudantium et accusantium quaerat et occaecati necessitatibus nisi.,2005,AL,75,VU,0
12,Non dolorem praesentium.,Labore incidunt voluptas et magni magni dolores velit id ea.,1957,M/PG,164,BL,10
13,Quis sint nulla.,A similique repudiandae quis autem aut quisquam numquam illo odit.,1952,18,133,IS,2
14,Soluta consequatur mollitia.,Est provident quaerat eum totam nobis fugit omnis id dolor.,2014,PG,176,VC,4
15,Dolorem quia accusamus.,Perferendis eum est velit laboriosam assumenda id deleniti voluptas dignissimos.,1989,GP,184,MG,3
16,Provident voluptates et.,Sit eligendi fugit occaecati ut ut necessitatibus eveniet velit sint.,1988,AL,195,PG,0
17,Consequuntur animi accusantium.,Ut magni non quo dolor voluptatum odio vero laborum et.,1964,AL,167,MN,8
18,Eaque eligendi quia.,Rerum et possimus asperiores possimus modi at nam temporibus ut.,2008,PG-13,112,TL,6
19,Doloremque qui aut.,Maiores perferendis nobis consequatur eum quia minima consequatur labore nihil.,2016,TV-G,123,AS,1
20,Consequatur ipsam dolor.,Libero velit est laborum vitae eum nihil iste maxime nesciunt.,1971,12A,230,KG,7
21,Ut nam impedit.,Quibusdam dolores et soluta voluptas illum autem fuga molestias culpa.,1958,E10+,186,FM,7
22,Et est deserunt.,Quae non et sapiente molestiae in quidem vero excepturi non.,1994,R18+,134,GG,8
23,Expedita est repudiandae.,Occaecati laudantium provident temporibus enim eaque sunt consequatur sit voluptates.,1992,R21,229,JP,7
24,Consequatur id ut.,Illo a dolore repellendus ullam debitis magnam in esse odit.,1983,TV-MA,230,SV,6
25,Animi sed perspiciatis.,In tempora nesciunt temporibus qui rem iure odit aut dolor.,1972,E10+,67,FM,4
26,Rerum rem minus.,A doloribus temporibus debitis vitae exercitationem rerum minima qui sint.,2008,PG,102,GA,7
27,Neque iure consequatur.,Vel et iste illo quae rerum aspernatur rerum officia eius.,1996,6,197,DM,10
28,Sequi similique voluptas.,Cupiditate non sint amet eos facere et accusamus quis aut.,1980,CA,208,GR,8
29,Cupiditate error quis.,Delectus vel animi consequuntur eius quis occaecati illum consequatur unde.,1999,U,112,FJ,0
30,Qui cumque consectetur.,Dolore et fugit est quo est est ipsa veniam error.,1997,T,193,CY,8
31,Inventore expedita sint.,Omnis ipsa dolore facilis debitis laboriosam pariatur consequatur recusandae molestiae.,1987,9,119,KM,10
32,Quidem in vel.,Necessitatibus cum impedit ipsum rem non officia alias quia itaque.,1977,EC,132,DO,2
33,Veritatis dolorem sint.,Accusantium omnis ullam soluta placeat ex et laudantium tempora est.,1969,S,75,MN,2
34,Sed aut inventore.,Qui quos aliquid id magnam facere esse non voluptatum saepe.,1957,TV-Y,226,SG,3
35,Cupiditate a amet.,Ipsam tempora sit vel eius aliquam rerum accusamus ratione repudiandae.,1960,MA15+,236,RW,1
36,Mollitia officiis rerum.,Doloribus ad non modi adipisci accusantium minima sed optio tenetur.,1997,AL,137,MU,1
37,Ratione quia quod.,Qui sit ipsam omnis qui odit aut sit unde necessitatibus.,1986,U,62,SO,5
38,Tenetur fugiat nesciunt.,Facere tempora ab cum quia nisi aut veniam iure quis.,2023,MA15+,64,AR,7
39,Magnam vitae qui.,Aperiam consequuntur nostrum temporibus et molestiae debitis totam temporibus enim.,2010,MA15+,87,US,10
40,Reprehenderit et consequatur.,Sint harum placeat distinctio asperiores enim rerum est occaecati voluptatem.,2021,12A,150,TM,2
41,Impedit in iusto.,Voluptatibus sint et magni sit aperiam alias molestiae dolorum quis.,1951,18,155,LU,5
42,Nihil sed modi.,Quia ipsa aliquid praesentium atque vel aliquid ad sed magni.,1965,TV-Y7,63,SR,3
43,Enim aperiam ratione.,Voluptatem cumque expedita magnam aut sint velit numquam ut rem.,1981,G,98,GT,6
44,Impedit aut consequatur.,Accusamus iusto quis praesentium quisquam at perferendis non voluptatem modi.,2020,A,219,WS,3
45,Delectus officiis eaque.,Minima ab animi veniam dolores id temporibus vel voluptate sed.,1985,U/A,226,AQ,0
46,Suscipit aperiam et.,Enim dolor quasi accusantium fugit ducimus est rerum beatae et.,2012,R,181,MS,6
47,Et accusantium soluta.,Saepe voluptas sit molestias nesciunt dicta similique et alias ut.,1974,TV-MA,186,JP,4
48,Non sunt illo.,Numquam aut id odio qui sunt occaecati minus cupiditate voluptas.,1979,M/PG,210,KN,6
49,Et unde eligendi.,Ipsam magni ut sit rerum cumque sapiente eum qui assumenda.,1951,U/A,115,BS,1
50,Maiores quaerat culpa.,Nihil veniam libero quia voluptas eum in cumque est reiciendis.,1987,G,193,TZ,1
51,Corporis sapiente occaecati.,Quaerat officia voluptate hic itaque molestiae est quam fuga quam.,1965,TV-14,106,MU,1
52,Non consectetur quos.,Ullam in consectetur aut impedit deleniti facilis magni consectetur asperiores.,1974,T,199,PR,7
53,Consequuntur voluptas non.,Id recusandae qui omnis velit atque quo quis incidunt itaque.,2002,M/PG,60,QA,4
54,Dolorem modi corporis.,Dolorum sed aut et ut animi commodi qui laudantium id.,1979,G,207,DJ,2
55,Et earum laudantium.,Ratione et facilis sapiente recusandae sunt et praesentium nihil qui.,1959,R18+,202,DM,2
56,Nobis et perspiciatis.,Et et odio consequatur officia vitae consequatur voluptatem et vitae.,1968,TV-G,69,YT,5
57,At a quia.,Quis dignissimos cumque nihil nihil veniam ut est aut voluptatem.,1974,TV-14,173,KE,1
58,Ipsum dicta quia.,Et voluptas est vero a consequuntur pariatur rerum ut ut.,1971,E,116,SH,4
59,Aut suscipit quibusdam.,Ducimus et repudiandae ut et harum eum alias perferendis iusto.,1964,12,65,NG,6
60,Excepturi necessitatibus vero.,Alias tempore reprehenderit quo accusamus aspernatur sed totam officia officia.,2008,R16,160,GL,5
61,Sed et ut.,Vitae quia voluptas nesciunt libero dolores in facilis ut sequi.,2015,TV-PG,84,GT,5
62,Neque odio deserunt.,Et nisi nam exercitationem eum numquam dolorem labore at debitis.,1978,X18,64,RE,7
63,Eius praesentium repudiandae.,Repellat et veniam libero sit asperiores consequatur et aspernatur porro.,1995,R,103,RE,6
64,Enim qui doloribus.,Ratione ea in facere magnam doloribus qui repellat repellat tenetur.,1952,12,98,PR,3
65,Voluptas iure aspernatur.,Voluptate minima aliquam omnis culpa quibusdam officia est et consequatur.,1990,15,210,LV,7
66,Asperiores ipsa accusantium.,Animi doloribus sunt tempora aut iure hic amet animi enim.,2020,MA15+,61,MW,2
67,Corrupti eius soluta.,Consectetur aliquid saepe voluptatibus cupiditate et ipsa tempora voluptatem qui.,1982,R18+,227,JO,8
68,Omnis enim harum.,Deleniti quas veritatis vel molestias beatae itaque quo sit repudiandae.,1987,6,145,CU,9
69,Ducimus voluptatem ad.,Voluptatem enim soluta est vero ea magnam est omnis doloribus.,1975,R,218,WF,10
70,Beatae tempore et.,Sint ea molestiae culpa sit voluptatem ut magni sed molestiae.,1984,E10+,223,AI,8
71,Aliquid deserunt atque.,Est voluptatum omnis saepe error omnis iusto deleniti laborum officiis.,1988,R18,121,MW,9
72,Qui perspiciatis dolor.,Harum nostrum eius sit qui in perspiciatis alias alias sit.,1993,TV-G,153,US,5
73,Possimus ad eveniet.,Eos dignissimos suscipit sunt numquam laborum doloribus veniam ducimus quis.,1975,TV-G,74,PA,5
74,Sed pariatur occaecati.,Et labore qui porro consectetur aliquid recusandae soluta omnis architecto.,2003,X18,145,SL,2
75,Et quo perspiciatis.,Voluptate molestiae occaecati doloribus ipsum sed eum repellat inventore velit.,1987,NC-17,162,AO,8
76,Eligendi neque amet.,Quia aliquid tempora id ducimus et voluptatibus sit accusantium ad.,1954,U,221,WS,7
77,Earum dignissimos sed.,Voluptates quis nesciunt consequatur tempora a assumenda eaque illum asperiores.,1973,PG,188,AF,9
78,Deserunt quae explicabo.,Hic in repudiandae eveniet minima nemo aut sit iusto dolore.,1989,CA,121,BE,2
79,Culpa sed nihil.,Est et consequatur et voluptate ducimus magni voluptate minima unde.,2008,X18,184,PR,9
80,Sint ut dolorem.,Velit quidem dolores aut sed veritatis voluptatem est tempore harum.,1984,MA15+,149,MO,6
81,Ut saepe provident.,Culpa ea voluptatem voluptas vitae voluptatem officiis dolorum sint officia.,1955,CA,81,TV,9
82,Voluptas ex et.,Sit veniam nihil sed architecto accusantium ipsam possimus aut a.,1976,AL,85,KZ,7
83,Aspernatur dolores dolores.,Repellat commodi dolores rem atque nobis magni vitae ea dolor.,2005,X18,62,EE,8
84,Omnis assumenda est.,Consectetur consequuntur dolor eligendi et quis labore expedita impedit aut.,2012,TV-Y7,203,ZW,3
85,Necessitatibus facere sit.,Possimus ea at ipsum nemo repellendus voluptatem id error atque.,2018,A,138,CW,1
86,Rerum qui dolorum.,Quisquam culpa et aut iure suscipit et autem optio iure.,1979,12,202,TH,7
87,Voluptatem omnis sint.,Amet aspernatur voluptatum quia et tenetur dolores nulla ipsam dignissimos.,2001,R18+,76,SK,2
88,Neque adipisci rerum.,Qui vitae corporis fuga nesciunt enim quam autem dolorum quod.,1975,R18+,198,BA,6
89,Facilis in velit.,Est et repellendus voluptatem eos qui aut unde modi vel.,1967,6,150,DE,4
90,Qui qui ut.,Voluptatem magni ad sint commodi voluptatem voluptatem doloremque laboriosam animi.,1983,R16,83,TD,3
91,Repellendus sint a.,Quae perspiciatis ipsum consequatur aperiam eos enim commodi laboriosam ipsa.,1970,U/A,185,CF,9
92,Maiores dolores veniam.,Saepe a dolorem minima quia nam molestiae aut qui saepe.,1968,R18+,228,NI,10
93,Blanditiis alias et.,Minima consectetur et adipisci alias eos ipsum exercitationem est fugit.,1976,E10+,126,TD,3
94,Cum aliquam sunt.,Necessitatibus qui similique animi architecto et enim hic aut repudiandae.,1962,TV-PG,124,BR,6
95,Corporis ipsam dolorem.,Nostrum placeat vero eius aperiam quae velit eos illum voluptate.,1976,AL,233,EH,5
96,Nostrum voluptatem blanditiis.,Voluptas occaecati labore dolorem perferendis omnis ea voluptate fugit sed.,1957,6,137,LT,4
97,Sequi quia quos.,Praesentium et amet illo officia sed repudiandae similique tempore ad.,1970,R,153,BG,3
98,Quia excepturi quo.,Sed quae sit cupiditate sed velit odit perspiciatis vel aut.,1969,T,119,KM,9
99,Quisquam distinctio id.,Suscipit sapiente provident reiciendis labore non eligendi sit voluptatem dolores.,1954,EC,224,GI,8
100,Deleniti et illum.,Error magnam magni hic eum eligendi atque qui eaque neque.,1987,TV-MA,74,TK,5
